movie_name,message_id,date
Mandala Murders,3,29-07-2025
Mandala Murders,7,29-07-2025
Mandala Murders,11,29-07-2025
Mandala Murders,13,29-07-2025
Mandala Murders,14,29-07-2025
Zebra,21,29-07-2025
Zebra,23,29-07-2025
Zebra,24,29-07-2025
Show Time,26,29-07-2025
Show Time,27,29-07-2025
Show Time,28,29-07-2025
Bachhala Malli,30,29-07-2025
Bachhala Malli,31,29-07-2025
Rangeen,33,29-07-2025
Rangeen,34,29-07-2025
Rangeen,35,29-07-2025
Seesaw,43,29-07-2025
Seesaw,44,29-07-2025
Seesaw,45,29-07-2025
Narivetta,47,29-07-2025
Narivetta,48,29-07-2025
Narivetta,49,29-07-2025
Narivetta,50,29-07-2025
Pechi,52,29-07-2025
Pechi,53,29-07-2025
Pechi,54,29-07-2025
Pechi,55,29-07-2025
Gurthunda Seethakalam,57,29-07-2025
Gurthunda Seethakalam,58,29-07-2025
Gurthunda Seethakalam,59,29-07-2025
Gurthunda Seethakalam,60,29-07-2025
Fear,62,29-07-2025
Fear,63,29-07-2025
Fear,64,29-07-2025
Fear,65,29-07-2025
Revenge,70,29-07-2025
Revenge,71,29-07-2025
Revenge,72,29-07-2025
Revenge,73,29-07-2025
Kuladalli Keelyavudo,75,29-07-2025
Kuladalli Keelyavudo,76,29-07-2025
Kuladalli Keelyavudo,77,29-07-2025
Kuladalli Keelyavudo,78,29-07-2025
DNA,79,29-07-2025
DNA,80,29-07-2025
DNA,81,29-07-2025
DNA,82,29-07-2025
Moonwalk,86,29-07-2025
Moonwalk,87,29-07-2025
Moonwalk,88,29-07-2025
Robinhood,90,29-07-2025
Robinhood,91,29-07-2025
Robinhood,92,29-07-2025
Thug Life,95,29-07-2025
Thug Life,96,29-07-2025
Thug Life,97,29-07-2025
Thug Life,98,29-07-2025
Ek Chatur Naar Chathuram,100,29-07-2025
Ek Chatur Naar Chathuram,101,29-07-2025
Ek Chatur Naar Chathuram,102,29-07-2025
Ace,104,29-07-2025
Ace,105,29-07-2025
Ace,106,29-07-2025
Odela Railway Station,108,29-07-2025
Odela Railway Station,109,29-07-2025
Odela Railway Station,110,29-07-2025
Odela Railway Station,111,29-07-2025
Odela 2,114,29-07-2025
Odela 2,115,29-07-2025
Odela 2,116,29-07-2025
Odela 2,117,29-07-2025
Sarzameen,119,29-07-2025
Sarzameen,120,29-07-2025
Sarzameen,121,29-07-2025
Sarzameen,122,29-07-2025
Demonte Colony,124,29-07-2025
Demonte Colony,127,29-07-2025
Demonte Colony,128,29-07-2025
Demonte Colony 2,130,29-07-2025
Demonte Colony 2,131,29-07-2025
Demonte Colony 2,132,29-07-2025
Bhaag Milkha Bhaag,135,30-07-2025
Bhaag Milkha Bhaag,136,30-07-2025
Squid Game Season 1,140,30-07-2025
Squid Game Season 1,141,30-07-2025
Squid Game Season 1,142,30-07-2025
Squid Game Season 1,143,30-07-2025
Squid Game Season 2,145,30-07-2025
Squid Game Season 2,147,30-07-2025
Squid Game Season 2,148,30-07-2025
Squid Game Season 2,150,30-07-2025
Squid Game Season 3,152,30-07-2025
Squid Game Season 3,153,30-07-2025
Squid Game Season 3,154,30-07-2025
Squid Game Season 3,155,30-07-2025
Squid Game Season 3,156,30-07-2025
Maranamass,158,30-07-2025
Maranamass,159,30-07-2025
Maranamass,160,30-07-2025
Eagle,162,30-07-2025
Eagle,163,30-07-2025
Bhool Chuk Maaf,165,30-07-2025
Bhool Chuk Maaf,166,30-07-2025
Bhool Chuk Maaf,167,30-07-2025
Single,169,30-07-2025
Single,170,30-07-2025
Single,171,30-07-2025
Gram Chikitsalay Season 1,173,30-07-2025
Gram Chikitsalay Season 1,174,30-07-2025
Gram Chikitsalay Season 1,175,30-07-2025
Gram Chikitsalay Season 1,176,30-07-2025
Gram Chikitsalay Season 1,177,30-07-2025
Pravinkoodu Shappu,179,30-07-2025
Pravinkoodu Shappu,180,30-07-2025
Pravinkoodu Shappu,181,30-07-2025
Rana Naidu Season 1,183,30-07-2025
Rana Naidu Season 1,184,30-07-2025
Rana Naidu Season 1,185,30-07-2025
Rana Naidu Season 1,186,30-07-2025
Rana Naidu Season 2,188,30-07-2025
Rana Naidu Season 2,189,30-07-2025
Rana Naidu Season 2,190,30-07-2025
Rana Naidu Season 2,191,30-07-2025
Rana Naidu Season 2,192,30-07-2025
Rana Naidu Season 2,193,30-07-2025
Rana Naidu Season 2,194,30-07-2025
Rana Naidu Season 2,195,30-07-2025
Dharmaveer Mukkam Post Thane 2022,197,30-07-2025
Dharmaveer Mukkam Post Thane 2022,198,30-07-2025
Dharmaveer Mukkam Post Thane 2024,200,30-07-2025
Dharmaveer Mukkam Post Thane 2024,201,30-07-2025
Dharmaveer Mukkam Post Thane 2024,202,30-07-2025
Constable Girpade Season 1,204,30-07-2025
Jackpot,206,30-07-2025
Jackpot,207,30-07-2025
Kannappa,209,30-07-2025
Kannappa,210,30-07-2025
Kannappa,211,30-07-2025
Kannappa,212,30-07-2025
The Bhootnii,214,30-07-2025
The Bhootnii,215,30-07-2025
The Bhootnii,216,30-07-2025
The Bhootnii,217,30-07-2025
Panchayat Season 1 2020,219,30-07-2025
Panchayat Season 1 2020,220,30-07-2025
Panchayat Season 1 2020,221,30-07-2025
Panchayat Season 1 2020,222,30-07-2025
Panchayat Season 1 2020,223,30-07-2025
Panchayat Season 1 2020,224,30-07-2025
Panchayat Season 1 2020,225,30-07-2025
Panchayat Season 1 2020,226,30-07-2025
Panchayat Season 2 2022,229,30-07-2025
Panchayat Season 2 2022,230,30-07-2025
Panchayat Season 2 2022,231,30-07-2025
Panchayat Season 2 2022,233,30-07-2025
Panchayat Season 2 2022,234,30-07-2025
Panchayat Season 2 2022,235,30-07-2025
Panchayat Season 2 2022,236,30-07-2025
Panchayat Season 2 2022,237,30-07-2025
Panchayat Season 3 2024,239,30-07-2025
Panchayat Season 3 2024,240,30-07-2025
Panchayat Season 3 2024,241,30-07-2025
Panchayat Season 3 2024,242,30-07-2025
Panchayat Season 3 2024,243,30-07-2025
Panchayat Season 3 2024,244,30-07-2025
Panchayat Season 3 2024,245,30-07-2025
Panchayat Season 3 2024,246,30-07-2025
Panchayat Season 4 2025,248,30-07-2025
Panchayat Season 4 2025,249,30-07-2025
Panchayat Season 4 2025,250,30-07-2025
Panchayat Season 4 2025,251,30-07-2025
Panchayat Season 4 2025,252,30-07-2025
Panchayat Season 4 2025,253,30-07-2025
Panchayat Season 4 2025,254,30-07-2025
Panchayat Season 4 2025,255,30-07-2025
Stranger Things Season 1,258,30-07-2025
Stranger Things Season 1,259,30-07-2025
Stranger Things Season 1,260,30-07-2025
Stranger Things Season 1,261,30-07-2025
Stranger Things Season 1,262,30-07-2025
Stranger Things Season 1,263,30-07-2025
Stranger Things Season 1,264,30-07-2025
Stranger Things Season 1,265,30-07-2025
Stranger Things Season 2,267,30-07-2025
Stranger Things Season 2,268,30-07-2025
Stranger Things Season 2,269,30-07-2025
Stranger Things Season 2,270,30-07-2025
Stranger Things Season 2,271,30-07-2025
Stranger Things Season 2,272,30-07-2025
Stranger Things Season 2,273,30-07-2025
Stranger Things Season 2,274,30-07-2025
Stranger Things Season 2,275,30-07-2025
Stranger Things Season 3,277,30-07-2025
Stranger Things Season 3,278,30-07-2025
Stranger Things Season 3,279,30-07-2025
Stranger Things Season 3,280,30-07-2025
Stranger Things Season 3,281,30-07-2025
Stranger Things Season 3,282,30-07-2025
Stranger Things Season 3,283,30-07-2025
Stranger Things Season 3,284,30-07-2025
Stranger Things Season 4,286,30-07-2025
Stranger Things Season 4,287,30-07-2025
Stranger Things Season 4,288,30-07-2025
Stranger Things Season 4,289,30-07-2025
Stranger Things Season 4,290,30-07-2025
Stranger Things Season 4,291,30-07-2025
Stranger Things Season 4,292,30-07-2025
Stranger Things Season 4,293,30-07-2025
Stranger Things Season 4,294,30-07-2025
1000 Babies Season 1,297,30-07-2025
1000 Babies Season 1,298,30-07-2025
1000 Babies Season 1,299,30-07-2025
1000 Babies Season 1,300,30-07-2025
1000 Babies Season 1,301,30-07-2025
1000 Babies Season 1,302,30-07-2025
1000 Babies Season 1,303,30-07-2025
Marco,305,30-07-2025
Marco,306,30-07-2025
Marco,307,30-07-2025
Marco,308,30-07-2025
Saiyaara,310,30-07-2025
Saiyaara,311,30-07-2025
Saiyaara,312,30-07-2025
Saiyaara,313,30-07-2025
Saiyaara,314,30-07-2025
Mirzapur Season 1,318,31-07-2025
Mirzapur Season 1,319,31-07-2025
Mirzapur Season 1,320,31-07-2025
Mirzapur Season 1,321,31-07-2025
Mirzapur Season 1,322,31-07-2025
Mirzapur Season 1,323,31-07-2025
Mirzapur Season 1,324,31-07-2025
Mirzapur Season 1,325,31-07-2025
Mirzapur Season 1,326,31-07-2025
Mirzapur Season 2,328,31-07-2025
Mirzapur Season 2,329,31-07-2025
Mirzapur Season 2,330,31-07-2025
Mirzapur Season 2,331,31-07-2025
Mirzapur Season 2,332,31-07-2025
Mirzapur Season 2,333,31-07-2025
Mirzapur Season 2,334,31-07-2025
Mirzapur Season 2,335,31-07-2025
Mirzapur Season 2,336,31-07-2025
Mirzapur Season 2,337,31-07-2025
Mirzapur Season 3,339,31-07-2025
Mirzapur Season 3,340,31-07-2025
Mirzapur Season 3,341,31-07-2025
Mirzapur Season 3,342,31-07-2025
Mirzapur Season 3,343,31-07-2025
Mirzapur Season 3,344,31-07-2025
Mirzapur Season 3,345,31-07-2025
Mirzapur Season 3,346,31-07-2025
Mirzapur Season 3,347,31-07-2025
Mirzapur Season 3,348,31-07-2025
Baadshaho,350,31-07-2025
Baadshaho,351,31-07-2025
Baadshaho,352,31-07-2025
Baadshaho,356,31-07-2025
Asuran,358,31-07-2025
Asuran,359,31-07-2025
Asuran,360,31-07-2025
Rudra Garuda Purana,363,31-07-2025
Rudra Garuda Purana,364,31-07-2025
Rudra Garuda Purana,365,31-07-2025
Music Shop Murthy,367,31-07-2025
Music Shop Murthy,368,31-07-2025
Bakasuran,370,31-07-2025
Bakasuran,371,31-07-2025
Bakasuran,372,31-07-2025
Bakasuran,373,31-07-2025
Ravanasura,375,31-07-2025
Ravanasura,376,31-07-2025
Ravanasura,377,31-07-2025
Ravanasura,378,31-07-2025
Thiruchitrambalam,382,31-07-2025
Thiruchitrambalam,383,31-07-2025
Thiruchitrambalam,384,31-07-2025
Thiruchitrambalam,385,31-07-2025
Sitaare Zameen Par,399,01-08-2025
Sitaare Zameen Par,400,01-08-2025
Sitaare Zameen Par,401,01-08-2025
Sitaare Zameen Par,402,01-08-2025
Taare Zameen Par,404,01-08-2025
Taare Zameen Par,405,01-08-2025
Taare Zameen Par,406,01-08-2025
Taare Zameen Par,407,01-08-2025
Mahavatar Narsimha,410,03-08-2025
Mahavatar Narsimha,411,03-08-2025
Mahavatar Narsimha,412,03-08-2025
Sattamum Needhiyum S01,513,05-08-2025
Sattamum Needhiyum S01,514,05-08-2025
Sattamum Needhiyum S01,515,05-08-2025
Sattamum Needhiyum S01,516,05-08-2025
Sattamum Needhiyum S01,517,05-08-2025
Sattamum Needhiyum S01,518,05-08-2025
Sattamum Needhiyum S01,519,05-08-2025
Sattamum Needhiyum S01,521,05-08-2025
Sattamum Needhiyum S01,522,05-08-2025
Sattamum Needhiyum S01,523,05-08-2025
Sattamum Needhiyum S01,524,05-08-2025
Sattamum Needhiyum S01,525,05-08-2025
Sattamum Needhiyum S01,526,05-08-2025
Sattamum Needhiyum S01,527,05-08-2025
Sattamum Needhiyum S01,529,05-08-2025
Sattamum Needhiyum S01,530,05-08-2025
Sattamum Needhiyum S01,531,05-08-2025
Sattamum Needhiyum S01,532,05-08-2025
Sattamum Needhiyum S01,533,05-08-2025
Sattamum Needhiyum S01,534,05-08-2025
Sattamum Needhiyum S01,535,05-08-2025
Sattamum Needhiyum S01,541,05-08-2025
Maharaj,546,05-08-2025
Maharaj,548,05-08-2025
Maharaj,555,05-08-2025
Maharaj,558,05-08-2025
The Sandman,563,05-08-2025
The Sandman,564,05-08-2025
The Sandman,565,05-08-2025
The Sandman,899,16-08-2025
The Sandman,568,05-08-2025
The Sandman,569,05-08-2025
The Sandman,575,05-08-2025
The Sandman,577,05-08-2025
Bakaiti,583,05-08-2025
Bakaiti,585,05-08-2025
Bakaiti,587,05-08-2025
Bakaiti,589,05-08-2025
Paranthu Po,599,06-08-2025
Paranthu Po,602,06-08-2025
Paranthu Po,604,06-08-2025
Paranthu Po,606,06-08-2025
Wednesday (2022) Season 1,608,06-08-2025
Wednesday (2022) Season 1,612,06-08-2025
Wednesday (2022) Season 1,613,06-08-2025
Wednesday (2022) Season 1,614,06-08-2025
Wednesday (2022) Season 1,615,06-08-2025
Wednesday (2022) Season 1,616,06-08-2025
Wednesday (2022) Season 1,617,06-08-2025
Wednesday (2022) Season 1,618,06-08-2025
Wednesday (2022) Season 1,619,06-08-2025
Wednesday (2022) Season 1,620,06-08-2025
Wednesday (2022) Season 1,621,06-08-2025
Wednesday (2022) Season 1,622,06-08-2025
Wednesday (2022) Season 1,623,06-08-2025
Wednesday (2022) Season 1,624,06-08-2025
Wednesday (2022) Season 1,625,06-08-2025
Wednesday (2022) Season 1,626,06-08-2025
Wednesday (2022) Season 1,627,06-08-2025
Wednesday (2022) Season 1,629,06-08-2025
Wednesday (2022) Season 1,631,06-08-2025
Wednesday (2022) Season 1,632,06-08-2025
Wednesday (2022) Season 1,633,06-08-2025
Wednesday (2022) Season 1,634,06-08-2025
Wednesday (2022) Season 1,635,06-08-2025
Wednesday (2022) Season 1,636,06-08-2025
Wednesday (2022) Season 1,637,06-08-2025
Wednesday (2022) Season 1,638,06-08-2025
Wednesday (2022) Season 1,640,06-08-2025
Wednesday (2022) Season 1,641,06-08-2025
Wednesday (2025) Season 2 Part 1,647,06-08-2025
Wednesday (2025) Season 2 Part 1,648,06-08-2025
Wednesday (2025) Season 2 Part 1,649,06-08-2025
Wednesday (2025) Season 2 Part 1,650,06-08-2025
Wednesday (2025) Season 2 Part 1,652,06-08-2025
Wednesday (2025) Season 2 Part 1,654,06-08-2025
Wednesday (2025) Season 2 Part 1,655,06-08-2025
Wednesday (2025) Season 2 Part 1,656,06-08-2025
Wednesday (2025) Season 2 Part 1,657,06-08-2025
Wednesday (2025) Season 2 Part 1,659,06-08-2025
Wednesday (2025) Season 2 Part 1,661,06-08-2025
Wednesday (2025) Season 2 Part 1,664,06-08-2025
Wednesday (2025) Season 2 Part 1,666,07-08-2025
Heads of State,675,07-08-2025
Heads of State,677,07-08-2025
Heads of State,679,07-08-2025
Heads of State,681,07-08-2025
Dark 2017,687,07-08-2025
Dark 2017,693,07-08-2025
Dark 2017,698,07-08-2025
F1,706,07-08-2025
F1,708,07-08-2025
F1,710,07-08-2025
F1,712,07-08-2025
Mission Impossible The Final Reckoning (2025),719,07-08-2025
Mission Impossible The Final Reckoning (2025),721,07-08-2025
Mission Impossible The Final Reckoning (2025),723,07-08-2025
Mission Impossible The Final Reckoning (2025),725,07-08-2025
Vina Ke Woh Saat Din,730,07-08-2025
Vina Ke Woh Saat Din,732,07-08-2025
Vina Ke Woh Saat Din,734,07-08-2025
Dhadak 2,742,08-08-2025
Dhadak 2,744,08-08-2025
Dhadak 2,746,08-08-2025
Jurassic World Rebirth,753,08-08-2025
Jurassic World Rebirth,755,08-08-2025
Jurassic World Rebirth,757,08-08-2025
Jurassic World Rebirth,759,08-08-2025
Jurassic World Rebirth,761,08-08-2025
Love Hurts,768,08-08-2025
Love Hurts,771,08-08-2025
Love Hurts,773,08-08-2025
Love Hurts,778,08-08-2025
Mayasabha,785,08-08-2025
Mayasabha,786,08-08-2025
Mayasabha,789,08-08-2025
Mayasabha,790,08-08-2025
Mayasabha,792,08-08-2025
Mayasabha,793,08-08-2025
Materialists,797,08-08-2025
Materialists,799,08-08-2025
Materialists,804,08-08-2025
Materialists,806,08-08-2025
Materialists,808,08-08-2025
Shutter Island,814,09-08-2025
Shutter Island,816,09-08-2025
Shutter Island,818,09-08-2025
Interstellar,829,12-08-2025
Interstellar,831,12-08-2025
Interstellar,833,12-08-2025
Raid,839,12-08-2025
Raid,841,12-08-2025
Raid,843,12-08-2025
Raid 2,847,12-08-2025
Raid 2,849,12-08-2025
Raid 2,851,12-08-2025
Saare Jahan Se Accha,858,14-08-2025
Saare Jahan Se Accha,860,14-08-2025
Saare Jahan Se Accha,862,14-08-2025
Coolie,871,16-08-2025
Coolie,874,16-08-2025
Coolie,877,16-08-2025
It 2017,883,16-08-2025
It 2017,885,16-08-2025
It 2017,889,16-08-2025
It Chapter Two,894,16-08-2025
It Chapter Two,896,16-08-2025
War 2019,940,17-08-2025
War 2019,943,17-08-2025
War 2019,945,17-08-2025
War 2019,950,17-08-2025
War 2019,952,17-08-2025
War 2 2025,955,17-08-2025
War 2 2025,957,17-08-2025
War 2 2025,959,17-08-2025
Sena Guardians of the Nation Season 1 (2025),964,17-08-2025
Sena Guardians of the Nation Season 1 (2025),966,17-08-2025
Sena Guardians of the Nation Season 1 (2025),968,17-08-2025
Sena Guardians of the Nation Season 1 (2025),970,17-08-2025
Raaz Rangon Ka 2024,1107,18-08-2025
Raaz Rangon Ka 2024,1112,18-08-2025
Raaz Rangon Ka 2024,979,17-08-2025
Raaz Rangon Ka 2024,975,17-08-2025
Raaz Rangon Ka 2024,977,17-08-2025
Nadikar (2024) ,983,17-08-2025
Nadikar (2024) ,985,17-08-2025
Nadikar (2024) ,988,17-08-2025
Nadikar (2024) ,990,17-08-2025
Andhera (2025),995,17-08-2025
Andhera (2025),997,17-08-2025
Andhera (2025),1001,17-08-2025
Andhera (2025),1003,17-08-2025
Tehran (2025),1009,17-08-2025
Tehran (2025),1011,17-08-2025
Tehran (2025),1013,17-08-2025
Tehran (2025),1015,17-08-2025
Smurfs (2025),1020,17-08-2025
Smurfs (2025),1022,17-08-2025
Smurfs (2025),1024,17-08-2025
Smurfs (2025),1026,17-08-2025
Court State Vs A Nobody (2025),1030,17-08-2025
Court State Vs A Nobody (2025),1032,17-08-2025
Court State Vs A Nobody (2025),1034,17-08-2025
Court State Vs A Nobody (2025),1036,17-08-2025
Salakaar S1 (2025),1042,17-08-2025
Salakaar S1 (2025),1044,17-08-2025
Salakaar S1 (2025),1046,17-08-2025
Salakaar S1 (2025),1048,17-08-2025
Arabia Kadali 2025,1055,17-08-2025
Arabia Kadali 2025,1057,17-08-2025
Arabia Kadali 2025,1059,17-08-2025
Bindiya Ke Bahubali 2025,1064,17-08-2025
Bindiya Ke Bahubali 2025,1066,17-08-2025
Bindiya Ke Bahubali 2025,1068,17-08-2025
Oho Enthan Baby (2025),1072,17-08-2025
Oho Enthan Baby (2025),1074,17-08-2025
Oho Enthan Baby (2025),1076,17-08-2025
Oho Enthan Baby (2025),1078,17-08-2025
Baida (2025) ,1082,17-08-2025
Baida (2025) ,1084,17-08-2025
Baida (2025) ,1086,17-08-2025
Baida (2025) ,1089,17-08-2025
Baida (2025) ,1091,17-08-2025
Kaalidhar Laapata 2025,1095,17-08-2025
Kaalidhar Laapata 2025,1097,17-08-2025
Kaalidhar Laapata 2025,1099,17-08-2025
Kaalidhar Laapata 2025,1101,17-08-2025
Kaalidhar Laapata 2025,1104,17-08-2025
Don Aur Doctor (2018),1118,18-08-2025
Don Aur Doctor (2018),1119,18-08-2025
Don Aur Doctor (2018),1121,18-08-2025
Don Aur Doctor (2018),1122,18-08-2025
Don Aur Doctor (2018),1125,18-08-2025
Don Aur Doctor (2018),1126,18-08-2025
Breaking Bad S1 (2008),1130,18-08-2025
Breaking Bad S2 (2009),1133,18-08-2025
Breaking Bad S2 (2009),1135,18-08-2025
Breaking Bad S3 (2010),1137,18-08-2025
Breaking Bad S3 (2010),1138,18-08-2025
Breaking Bad S4 (2011),1140,18-08-2025
Breaking Bad S4 (2011),1141,18-08-2025
Breaking Bad S5 (2012),1143,18-08-2025
Breaking Bad S5 (2012),1144,18-08-2025
Breaking Bad S5 (2012),1145,18-08-2025
Better Call Saul Season 1 (2015),1147,19-08-2025
Better Call Saul Season 1 (2015),1148,19-08-2025
Better Call Saul Season 2 (2016),1150,19-08-2025
Better Call Saul Season 3 (2017),1152,19-08-2025
Better Call Saul Season 4 (2018),1154,19-08-2025
Better Call Saul Season 4 (2018),1155,19-08-2025 
Better Call Saul Season 5 (2020),1158,19-08-2025  
Better Call Saul Season 6 (2022),1161,19-08-2025
Better Call Saul Season 6 (2022),1160,19-08-2025
MCA Middle Class Abbayi (2017),1164,20-08-2025
MCA Middle Class Abbayi (2017),1165,20-08-2025
MCA Middle Class Abbayi (2017),1166,20-08-2025
MCA Middle Class Abbayi (2017),1167,20-08-2025
MCA Middle Class Abbayi (2017),1168,20-08-2025
MobLand Season 1 (2025),1170,20-08-2025
MobLand Season 1 (2025),1171,20-08-2025
MobLand Season 1 (2025),1172,20-08-2025
Kantara (2022),1178,21-08-2025
Kantara (2022),1179,21-08-2025
Kantara (2022),1180,21-08-2025
Kantara (2022),1182,21-08-2025 
Kantara (2022),1183,21-08-2025
Fight Club (1999),1186,21-08-2025
Fight Club (1999),1187,21-08-2025
Fight Club (1999),1188,21-08-2025
Fight Club (1999),1189,21-08-2025
Fight Club (1999),1190,21-08-2025
Fight Club (1999),1191,21-08-2025
Jamnapaar S1 (2024),1193,21-08-2025
Jamnapaar S1 (2024),1194,21-08-2025
Jamnapaar S1 (2024),1195,21-08-2025
Game of Thrones S1 (2011),1197,21-08-2025
Game of Thrones S1 (2011),1198,21-08-2025
Game of Thrones S2 (2012),1200,21-08-2025
Game of Thrones S2 (2012),1201,21-08-2025
Game of Thrones S3 (2013),1203,21-08-2025
Game of Thrones S3 (2013),1204,21-08-2025
Game of Thrones S4 (2014),1206,21-08-2025
Game of Thrones S4 (2014),1207,21-08-2025
Game of Thrones S5 (2015),1209,21-08-2025
Game of Thrones S5 (2015),1210,21-08-2025
Game of Thrones S6 (2016),1212,21-08-2025
Game of Thrones S6 (2016),1213,21-08-2025
Game of Thrones S7 (2017),1215,21-08-2025
Game of Thrones S7 (2017),1216,21-08-2025
Game of Thrones S8 (2019),1218,21-08-2025
Game of Thrones S8 (2019),1219,21-08-2025
House of Dragon S1 (2022),1221,21-08-2025
House of Dragon S1 (2022),1222,21-08-2025
House of Dragon S2 (2024),1224,21-08-2025
House of Dragon S2 (2024),1225,21-08-2025
House of Dragon S2 (2024),1226,21-08-2025
Locked S1 (2022),1230,21-08-2025
Locked S1 (2022),1231,21-08-2025
Bunty Aur Babli (2005),1233,21-08-2025
Bunty Aur Babli (2005),1234,21-08-2025
Bunty Aur Babli (2005),1235,21-08-2025
Bunty Aur Babli (2021),1237,21-08-2025
Bunty Aur Babli (2021),1238,21-08-2025
Bunty Aur Babli (2021),1239,21-08-2025
Hit The First Case (2020),1241,21-08-2025
Hit The First Case (2020),1242,21-08-2025
Hit The First Case (2020),1243,21-08-2025
Hit The First Case (2020),1244,21-08-2025
Hit The Second Case (2022),1246,21-08-2025
Hit The Second Case (2022),1247,21-08-2025
Hit The Second Case (2022),1248,21-08-2025
Hit The Second Case (2022),1249,21-08-2025
Hit The Third Case (2025),1251,21-08-2025
Hit The Third Case (2025),1252,21-08-2025
Hit The Third Case (2025),1253,21-08-2025
Hit The Third Case (2025),1254,21-08-2025
RRR (2022),1257,21-08-2025
RRR (2022),1258,21-08-2025
RRR (2022),1259,21-08-2025
RRR (2022),1260,21-08-2025
RRR (2022),1261,21-08-2025
Robinhood (2025),1263,21-08-2025
Robinhood (2025),1264,21-08-2025
Robinhood (2025),1265,21-08-2025
Robinhood (2025),1266,21-08-2025
Robinhood (2025),1267,21-08-2025
Love All (2023),1269,21-08-2025
Love All (2023),1270,21-08-2025
Love All (2023),1271,21-08-2025
Love All (2023),1272,21-08-2025
Janaki V vs State of Kerala (2025),1274,21-08-2025
Janaki V vs State of Kerala (2025),1275,21-08-2025
Janaki V vs State of Kerala (2025),1276,21-08-2025
Janaki V vs State of Kerala (2025),1277,21-08-2025
Devara (2024),1279,21-08-2025
Devara (2024),1280,21-08-2025
Devara (2024),1281,21-08-2025
Devara (2024),1282,21-08-2025
Devara (2024),1283,21-08-2025
Raja Natwarlal (2014),1286,21-08-2025
Raja Natwarlal (2014),1287,21-08-2025
Raja Natwarlal (2014),1288,21-08-2025
Raja Natwarlal (2014),1289,21-08-2025
Chennai Central (2018),1291,21-08-2025
Chennai Central (2018),1292,21-08-2025
Chennai Central (2018),1293,21-08-2025
Maleficent (2014),1295,21-08-25
Maleficent (2014),1296,21-08-25
Maleficent (2014),1297,21-08-25
Maleficent (2014),1298,21-08-25
Maleficent: Mistress of Evil (2019),1300,21-08-2025
Maleficent: Mistress of Evil (2019),1301,21-08-2025
Maleficent: Mistress of Evil (2019),1302,21-08-2025
Maleficent: Mistress of Evil (2019),1303,21-08-2025
Babli Bouncer (2022),1305,21-08-2025
Babli Bouncer (2022),1306,21-08-2025
Babli Bouncer (2022),1308,21-08-2025 
Babli Bouncer (2022),1309,21-08-2025
Babli Bouncer (2022),1310,21-08-2025
Raavan (2010),1312,21-08-25
Raavan (2010),1313,21-08-25
Raavan (2010),1314,21-08-25
Malik (2025),1316,22-08-25
Malik (2025),1317,22-08-25
Malik (2025),1318,22-08-25
Malik (2025),1319,22-08-25
Aema 2025,1321,23-08-2025
Aema 2025,1322,23-08-2025
Gangs of Wasseypur - Part 1 (2012),1334,24-08-2024
Gangs of Wasseypur - Part 1 (2012),1335,24-08-2024
Gangs of Wasseypur - Part 1 (2012),1336,24-08-2024
Gangs of Wasseypur - Part 1 (2012),1337,24-08-2024
Gangs of Wasseypur - Part 1 (2012),1338,24-08-2024
Gangs of Wasseypur - Part 2 (2012),1340,24-08-2024
Gangs of Wasseypur - Part 2 (2012),1341,24-08-2024
Gangs of Wasseypur - Part 2 (2012),1342,24-08-2024
Gangs of Wasseypur - Part 2 (2012),1343,24-08-2024
Gangs of Wasseypur - Part 2 (2012),1344,24-08-2024
Genius (2018),1346,24-08-2025
Genius (2018),1347,24-08-2025
Genius (2018),1348,24-08-2025
Genius (2018),1349,24-08-2025
Pratishod S01 (2025),1351,25-08-2-25
Pratishod S01 (2025),1352,25-08-2-25
Pratishod S01 (2025),1353,25-08-2-25
Pratishod S01 (2025),1354,25-08-2-25
Sarpanch Sahab S1 (2025),1356,25-0-2025
Sarpanch Sahab S1 (2025),1357,25-0-2025
Sarpanch Sahab S1 (2025),1362,25-0-2025
Yuva Sapno Ka Safar S1 (2025),1364,25-0-2025
Yuva Sapno Ka Safar S1 (2025),1365,25-0-2025
Yuva Sapno Ka Safar S1 (2025),1366,25-0-2025
Rangasthalam (2018),1368,25-08-2025
Rangasthalam (2018),1369,25-08-2025
Rangasthalam (2018),1370,25-08-2025
Rangasthalam (2018),1371,25-08-2025
Rangasthalam (2018),1372,25-08-2025
Rangasthalam (2018),1373,25-08-2025
Maareesan (2025),1375,25-08-2025
Maareesan (2025),1376,25-08-2025
Maareesan (2025),1377,25-08-2025
Maareesan (2025),1378,25-08-2025
Maareesan (2025),1379,25-08-2025
Kingdom (2025),1384,27-08-2025
Kingdom (2025),1385,27-08-2025 
Kingdom (2025),1386,27-08-2025
Kingdom (2025),1387,27-08-2025
Kingdom (2025),1388,27-08-2025 
The Polar Express (2004),1389,27-08-2025 
The Polar Express (2004),1390,27-08-2025
The Polar Express (2004),1391,27-08-2025
The Polar Express (2004),1392,27-08-2025
The Polar Express (2004),1393,27-08-2025
The Polar Express (2004),1394,27-08-2025 
Ne Zha (2019),1397,28-08-2025 
Ne Zha (2019),1398,28-08-2025
Ne Zha (2019),1399,28-08-2025
Ne Zha 2 (2025),1401,28-08-2025
Ne Zha 2 (2025),1402,28-08-2025
Ne Zha 2 (2025),1403,28-08-2025 
Final Destination (2000),1405,28-08-2025
Final Destination (2000),1406,28-08-2025
Final Destination (2000),1407,28-08-2025
Final Destination (2000),1408,28-08-2025
Final Destination 2 (2003),1410,28-08-2025
Final Destination 2 (2003),1411,28-08-2025
Final Destination 2 (2003),1412,28-08-2025
Final Destination 2 (2003),1413,28-08-2025
Final Destination 3 (2006),1415,28-08-2025
Final Destination 3 (2006),1416,28-08-2025
Final Destination 3 (2006),1417,28-08-2025
Final Destination 3 (2006),1418,28-08-2025
Final Destination 4 (2009),1420,28-08-2025
Final Destination 4 (2009),1421,28-08-2025
Final Destination 4 (2009),1422,28-08-2025
Final Destination 4 (2009),1423,28-08-2025
Final Destination 5 (2011),1425,28-08-2025
Final Destination 5 (2011),1426,28-08-2025
Final Destination 5 (2011),1427,28-08-2025
Final Destination 5 (2011),1428,28-08-2025
Final Destination Bloodlines (2025),1430,28-08-2025
Final Destination Bloodlines (2025),1431,28-08-2025
Final Destination Bloodlines (2025),1432,28-08-2025
Final Destination Bloodlines (2025),1433,28-08-2025
Gyaarah Gyaarah S1 (2024),1435,28-08-2025
Gyaarah Gyaarah S1 (2024),1436,28-08-2025
Gyaarah Gyaarah S1 (2024),1437,28-08-2025
Gyaarah Gyaarah S1 (2024),1438,28-08-2025
Gyaarah Gyaarah S1 (2024),1439,28-08-2025
Tribhuvan Mishra CA Topper (2024),1441,28-08-2025
Tribhuvan Mishra CA Topper (2024),1442,28-08-2025
Half CA S1 (2023),1444,28-08-2025
Half CA S1 (2023),1445,28-08-2025
Half CA S1 (2023),1446,28-08-2025
Half CA S1 (2023),1447,28-08-2025
Half CA S2 (2025),1450,28-08-2025
Half CA S2 (2025),1451,28-08-2025
Half CA S2 (2025),1452,28-08-2025
El Camino: A Breaking Bad Movie (2019),1454,28-08-2025
El Camino: A Breaking Bad Movie (2019),1455,28-08-2025
El Camino: A Breaking Bad Movie (2019),1456,28-08-2025
The Bad Guys (2022),1458,28-08-2025
The Bad Guys (2022),1459,28-08-2025
The Bad Guys (2022),1460,28-08-2025
The Bad Guys (2022),1461,28-08-2025
The Bad Guys (2022),1462,28-08-2025
The Bad Guys 2 (2025),1464,28-08-2025 
The Bad Guys 2 (2025),1465,28-08-2025 
The Bad Guys 2 (2025),1466,28-08-2025 
The Bad Guys 2 (2025),1467,28-08-2025 
Maargan (2025),1469,29-08-2025
Maargan (2025),1470,29-08-2025
Maargan (2025),1471,29-08-2025
Maargan (2025),1472,29-08-2025
Captain America: The First Avenger (2011),1480,06-09-2025
Captain America: The First Avenger (2011),1481,06-09-2025
Captain America: The First Avenger (2011),1482,06-09-2025
Captain America: The First Avenger (2011),1483,06-09-2025
Captain America: The First Avenger (2011),1484,06-09-2025
Captain America: The First Avenger (2011),1485,06-09-2025
Marvel One Shot Agent Carter (2013),1487,06-09-2025
Agent Carter S1 (2015),1489,06-09-2025
Agent Carter S2 (2016),1491,06-09-2025
Agent Carter S2 (2016),1492,06-09-2025
Captain Marvel (2019),1494,06-09-2025
Captain Marvel (2019),1495,06-09-2025
Captain Marvel (2019),1496,06-09-2025
Captain Marvel (2019),1497,06-09-2025
Captain Marvel (2019),1498,06-09-2025
Captain Marvel (2019),1499,06-09-2025
Iron Man (2008),1501,06-09-2025
Iron Man (2008),1502,06-09-2025
Iron Man (2008),1503,06-09-2025
Iron Man (2008),1504,06-09-2025
Iron Man (2008),1505,06-09-2025
Iron Man 2 (2010),1507,06-09-2025
Iron Man 2 (2010),1508,06-09-2025
Iron Man 2 (2010),1509,06-09-2025
Iron Man 2 (2010),1510,06-09-2025
Iron Man 2 (2010),1511,06-09-2025
Hulk (2003),1513,06-09-2025 
Hulk (2003),1514,06-09-2025
Hulk (2003),1515,06-09-2025
Hulk (2003),1516,06-09-2025
Hulk (2003),1517,06-09-2025
The Incredible Hulk (2008),1519,06-09-2025
The Incredible Hulk (2008),1520,06-09-2025
The Incredible Hulk (2008),1521,06-09-2025
The Incredible Hulk (2008),1522,06-09-2025
The Incredible Hulk (2008),1523,06-09-2025
The Incredible Hulk (2008),1524,06-09-2025
The Incredible Hulk (2008),1525,06-09-2025
The Incredible Hulk (2008),1526,06-09-2025
Marvel One-Shot： The Consultant (2011),1528,06-09-2025
Marvel ONE-SHOT Short Film： A Funny Thing Happened On The Way To Thor's Hammer (2011),1530,06-09-2025
Thor (2011),1532,06-09-2025
Thor (2011),1533,06-09-2025
Thor (2011),1534,06-09-2025
Thor (2011),1535,06-09-2025
Thor (2011),1536,06-09-2025
The Avengers (2012),1538,06-09-2025
The Avengers (2012),1539,06-09-2025
The Avengers (2012),1540,06-09-2025
The Avengers (2012),1541,06-09-2025
The Avengers (2012),1542,06-09-2025
Marvel One-Shot: Item 47 (2012),1544,06-09-2025
Iron Man 3 (2013),1546,06-09-2025
Iron Man 3 (2013),1547,06-09-2025
Iron Man 3 (2013),1548,06-09-2025
Iron Man 3 (2013),1549,06-09-2025
Iron Man 3 (2013),1550,06-09-2025
Marvel One-Shot: All Hail the King (2014),1552,06-09-2025
Agents of S.H.I.E.L.D Season 1 (2013),1554,06-09-2025
Agents of S.H.I.E.L.D Season 1 (2013),1555,06-09-2025
Thor: The Dark World (2013),1557,06-09-2025
Thor: The Dark World (2013),1558,06-09-2025
Thor: The Dark World (2013),1559,06-09-2025
Thor: The Dark World (2013),1560,06-09-2025
Thor: The Dark World (2013),1561,06-09-2025
Thor: The Dark World (2013),1562,06-09-2025
Captain America The Winter Soldier (2014),1564,06-09-2025
Captain America The Winter Soldier (2014),1565,06-09-2025
Captain America The Winter Soldier (2014),1566,06-09-2025
Captain America The Winter Soldier (2014),1567,06-09-2025
Captain America The Winter Soldier (2014),1568,06-09-2025
Guardians of the Galaxy (2014),1570,06-09-2025
Guardians of the Galaxy (2014),1571,06-09-2025
Guardians of the Galaxy (2014),1572,06-09-2025
Guardians of the Galaxy (2014),1573,06-09-2025
Guardians of the Galaxy (2014),1574,06-09-2025
Guardians of the Galaxy (2014),1575,06-09-2025
I Am Groot (2022),1577,06-09-2025
Guardians of the Galaxy Volume 2 (2017),1579,06-09-2025
Guardians of the Galaxy Volume 2 (2017),1580,06-09-2025
Guardians of the Galaxy Volume 2 (2017),1581,06-09-2025
Guardians of the Galaxy Volume 2 (2017),1582,06-09-2025
Guardians of the Galaxy Volume 2 (2017),1583,06-09-2025
Agents of S.H.I.E.L.D Season 2 (2014),1585,06-09-2025
Agents of S.H.I.E.L.D Season 2 (2014),1586,06-09-2025
I Am Groot S2 (2022),1588,06-09-2025
Daredevil Season 1 (2015),1590,06-09-2025
Jessica Jones Season 1 (2015),1592,06-09-2025
Jessica Jones Season 1 (2015),1593,06-09-2025
Avengers: Age of Ultron (2015),1595,06-09-2025
Avengers: Age of Ultron (2015),1596,06-09-2025
Avengers: Age of Ultron (2015),1597,06-09-2025
Avengers: Age of Ultron (2015),1598,06-09-2025
Avengers: Age of Ultron (2015),1599,06-09-2025
Daredevil Season 2 (2016),1601,06-09-2025
Daredevil Season 2 (2016),1602,06-09-2025
Ant Man (2015),1604,06-09-2025
Ant Man (2015),1605,06-09-2025
Ant Man (2015),1606,06-09-2025
Ant Man (2015),1607,06-09-2025
Luke Cage Season 1 (2016),1609,06-09-2025
Iron Fist Season 1 (2017),1611,06-09-2025
The Defenders (2017),1613,06-09-2025
Agents of S.H.I.E.L.D Season 3 (2015),1615,06-09-2025
Agents of S.H.I.E.L.D Season 3 (2015),1616,06-09-2025
Captain America Civil War (2016),1618,06-09-2025
Captain America Civil War (2016),1619,06-09-2025
Captain America Civil War (2016),1620,06-09-2025
Captain America Civil War (2016),1621,06-09-2025
Captain America Civil War (2016),1622,06-09-2025
Captain America Civil War (2016),1623,06-09-2025
Black Widow (2021),1625,06-09-2025
Black Widow (2021),1626,06-09-2025
Black Widow (2021),1627,06-09-2025
Black Widow (2021),1628,06-09-2025
Black Widow (2021),1629,06-09-2025
Black Widow (2021),1630,06-09-2025
Black Panther (2018),1632,06-09-2025
Black Panther (2018),1633,06-09-2025
Black Panther (2018),1634,06-09-2025
Black Panther (2018),1635,06-09-2025
Black Panther (2018),1636,06-09-2025
Spider-Man: Homecoming (2017),1638,06-09-2025
Spider-Man: Homecoming (2017),1639,06-09-2025
Spider-Man: Homecoming (2017),1640,06-09-2025
Spider-Man: Homecoming (2017),1641,06-09-2025
Spider-Man: Homecoming (2017),1642,06-09-2025
Spider-Man: Homecoming (2017),1643,06-09-2025
The Punisher Season 1 (2017),1645,06-09-2025
Agents of S.H.I.E.L.D Season 4 (2016),1647,06-09-2025
Agents of S.H.I.E.L.D Season 4 (2016),1648,06-09-2025
Doctor Strange (2016),1650,06-09-2025
Doctor Strange (2016),1651,06-09-2025
Doctor Strange (2016),1652,06-09-2025
Doctor Strange (2016),1653,06-09-2025
Agents of Shield Slingshot S01 (2016),1655,06-09-2025
Agents of S.H.I.E.L.D Season 5 (2018),1657,06-09-2025
Agents of S.H.I.E.L.D Season 5 (2018),1658,06-09-2025
Inhumans (2017),1660,06-09-2025
Inhumans (2017),1661,06-09-2025
Jessica Jones Season 2 (2018),1663,06-09-2025
Luke Cage Season 2 (2018),1665,06-09-2025
Iron Fist Season 2 (2018),1667,06-09-2025
Daredevil Season 3 (2018),1669,06-09-2025
Daredevil Season 3 (2018),1670,06-09-2025
The Punisher Season 2 (2019),1672,06-09-2025
Jessica Jones Season 3 (2019 ),1674,06-09-2025
Runaways Season 1 (2017),1676,06-09-2025
Runaways Season 1 (2017),1677,06-09-2025
Runaways Season 2 (2018),1679,06-09-2025
Cloak & Dagger Season 1 (2018),1681,06-09-2025
Cloak & Dagger Season 2 (2019),1683,06-09-2025  
Runaways Season 3 (2019),1685,06-09-2025  
Ant-Man and the Wasp (2018),1687,06-09-2025  
Ant-Man and the Wasp (2018),1688,06-09-2025
Ant-Man and the Wasp (2018),1689,06-09-2025
Ant-Man and the Wasp (2018),1690,06-09-2025
Ant-Man and the Wasp (2018),1691,06-09-2025
Thor: Ragnarok (2017),1693,06-09-2025
Thor: Ragnarok (2017),1694,06-09-2025
Thor: Ragnarok (2017),1695,06-09-2025
Thor: Ragnarok (2017),1696,06-09-2025
Thor: Ragnarok (2017),1697,06-09-2025
Thor: Ragnarok (2017),1698,06-09-2025
Avengers: Infinity War (2018),1700,06-09-2025
Avengers: Infinity War (2018),1701,06-09-2025
Avengers: Infinity War (2018),1702,06-09-2025
Avengers: Infinity War (2018),1703,06-09-2025
Agents of S.H.I.E.L.D Season 6 (2019),1705,06-09-2025
Agents of S.H.I.E.L.D Season 7 (2020),1707,06-09-2025
Avengers: Endgame (2019),1709,06-09-2025
Avengers: Endgame (2019),1710,06-09-2025
Avengers: Endgame (2019),1711,06-09-2025
Avengers: Endgame (2019),1712,06-09-2025
Avengers: Endgame (2019),1713,06-09-2025
Loki Season 1 (2021),1715,06-09-2025
Loki Season 2 (2023),1717,06-09-2025
What If...? Season 1 (2021),1719,06-09-2025
What If...? Season 2 (2023),1721,06-09-2025
What If...? Season 3 (2024),1723,06-09-2025
What If...? Season 3 (2024),1724,06-09-2025
WandaVision (2021),1726,06-09-2025
WandaVision (2021),1727,06-09-2025
The Falcon and the Winter Soldier (2021),1729,06-09-2025
The Falcon and the Winter Soldier (2021),1730,06-09-2025
Shang-Chi and the Legend of the Ten Rings (2021),1732,06-09-2025
Shang-Chi and the Legend of the Ten Rings (2021),1733,06-09-2025
Shang-Chi and the Legend of the Ten Rings (2021),1734,06-09-2025
Shang-Chi and the Legend of the Ten Rings (2021),1735,06-09-2025
Shang-Chi and the Legend of the Ten Rings (2021),1736,06-09-2025
Shang-Chi and the Legend of the Ten Rings (2021),1737,06-09-2025
Shang-Chi and the Legend of the Ten Rings (2021),1738,06-09-2025
Shang-Chi and the Legend of the Ten Rings (2021),1739,06-09-2025
Eternals (2021),1740,06-09-2025
Eternals (2021),1741,06-09-2025
Eternals (2021),1742,06-09-2025
Eternals (2021),1743,06-09-2025
Eternals (2021),1744,06-09-2025
Eternals (2021),1745,06-09-2025
Eternals (2021),1746,06-09-2025
Black Panther: Wakanda Forever (2022),1748,06-09-2025
Black Panther: Wakanda Forever (2022),1749,06-09-2025
Black Panther: Wakanda Forever (2022),1750,06-09-2025
Black Panther: Wakanda Forever (2022),1751,06-09-2025
Black Panther: Wakanda Forever (2022),1752,06-09-2025
Black Panther: Wakanda Forever (2022),1753,06-09-2025
Spider-Man: Far from Home (2019),1755,06-09-2025 
Spider-Man: Far from Home (2019),1756,06-09-2025
Spider-Man: Far from Home (2019),1757,06-09-2025
Spider-Man: Far from Home (2019),1758,06-09-2025
Spider-Man: Far from Home (2019),1759,06-09-2025
Spider-Man: Far from Home (2019),1760,06-09-2025
Spider-Man: Far from Home (2019),1761,06-09-2025
Spider-Man: No Way Home (2021),1763,06-09-2025 
Spider-Man: No Way Home (2021),1764,06-09-2025
Spider-Man: No Way Home (2021),1765,06-09-2025
Spider-Man: No Way Home (2021),1766,06-09-2025
Spider-Man: No Way Home (2021),1767,06-09-2025
Spider-Man: No Way Home (2021),1768,06-09-2025
Spider-Man: No Way Home (2021),1769,06-09-2025
Spider-Man: No Way Home (2021),1769,06-09-2025
Doctor Strange in the Multiverse of Madness (2022),1771,06-09-2025 
Doctor Strange in the Multiverse of Madness (2022),1772,06-09-2025
Doctor Strange in the Multiverse of Madness (2022),1773,06-09-2025
Doctor Strange in the Multiverse of Madness (2022),1774,06-09-2025
Doctor Strange in the Multiverse of Madness (2022),1775,06-09-2025
Doctor Strange in the Multiverse of Madness (2022),1776,06-09-2025
Doctor Strange in the Multiverse of Madness (2022),1777,06-09-2025
Doctor Strange in the Multiverse of Madness (2022),1778,06-09-2025 
Hawkeye (2021),1780,06-09-2025 
Hawkeye (2021),1781,06-09-2025
Echo (2024),1783,06-09-2025
Echo (2024),1784,06-09-2025
Echo (2024),1785,06-09-2025  
Moon Knight (2022),1787,06-09-2025
Moon Knight (2022),1788,06-09-2025
Moon Knight (2022),1789,06-09-2025
She-Hulk: Attorney at Law (2022),1790,06-09-2025
She-Hulk: Attorney at Law (2022),1791,06-09-2025
Ms. Marvel (2022),1793,06-09-2025
Ms. Marvel (2022),1794,06-09-2025
Ms. Marvel (2022),1795,06-09-2025
Thor: Love and Thunder (2022),1797,06-09-2025
Thor: Love and Thunder (2022),1798,06-09-2025
Thor: Love and Thunder (2022),1799,06-09-2025
Thor: Love and Thunder (2022),1800,06-09-2025
Thor: Love and Thunder (2022),1801,06-09-2025
Thor: Love and Thunder (2022),1802,06-09-2025
Ironheart (2025),1804,06-09-2025
Ironheart (2025),1805,06-09-2025
Werewolf by Night (2022),1807,06-09-2025
Werewolf by Night (2022),1808,06-09-2025
Werewolf by Night (2022),1809,06-09-2025
Werewolf by Night (2022),1810,06-09-2025
The Guardians of the Galaxy Holiday Special (2022),1812,06-09-2025
The Guardians of the Galaxy Holiday Special (2022),1813,06-09-2025
The Guardians of the Galaxy Holiday Special (2022),1814,06-09-2025
The Guardians of the Galaxy Holiday Special (2022),1815,06-09-2025
The Guardians of the Galaxy Holiday Special (2022),1816,06-09-2025
Ant-Man and the Wasp: Quantumania (2023),1818,06-09-2025
Ant-Man and the Wasp: Quantumania (2023),1819,06-09-2025
Ant-Man and the Wasp: Quantumania (2023),1820,06-09-2025
Ant-Man and the Wasp: Quantumania (2023),1821,06-09-2025
Ant-Man and the Wasp: Quantumania (2023),1822,06-09-2025
Guardians of the Galaxy Vol. 3 (2023),1824,06-09-2025
Guardians of the Galaxy Vol. 3 (2023),1825,06-09-2025
Guardians of the Galaxy Vol. 3 (2023),1826,06-09-2025
Guardians of the Galaxy Vol. 3 (2023),1827,06-09-2025
Guardians of the Galaxy Vol. 3 (2023),1828,06-09-2025
Guardians of the Galaxy Vol. 3 (2023),1829,06-09-2025
Secret Invasion (2023),1831,06-09-2025
Secret Invasion (2023),1832,06-09-2025
Secret Invasion (2023),1833,06-09-2025
The Marvels (2023),1835,06-09-2025
The Marvels (2023),1836,06-09-2025
The Marvels (2023),1837,06-09-2025
The Marvels (2023),1838,06-09-2025
The Marvels (2023),1839,06-09-2025
The Marvels (2023),1840,06-09-2025
Deadpool & Wolverine (2024),1842,06-09-2025
Deadpool & Wolverine (2024),1843,06-09-2025
Deadpool & Wolverine (2024),1844,06-09-2025
Deadpool & Wolverine (2024),1845,06-09-2025
Deadpool & Wolverine (2024),1846,06-09-2025
Deadpool & Wolverine (2024),1847,06-09-2025
Agatha All Along (2024),1849,06-09-2025
Captain America: Brave New World (2025),1851,06-09-2025
Captain America: Brave New World (2025),1852,06-09-2025
Captain America: Brave New World (2025),1853,06-09-2025
Captain America: Brave New World (2025),1854,06-09-2025
Captain America: Brave New World (2025),1855,06-09-2025
Captain America: Brave New World (2025),1856,06-09-2025
Captain America: Brave New World (2025),1857,06-09-2025
Daredevil: Born Again (2025),1859,06-09-2025
Daredevil: Born Again (2025),1860,06-09-2025
Daredevil: Born Again (2025),1861,06-09-2025
Daredevil: Born Again (2025),1862,06-09-2025
Daredevil: Born Again (2025),1863,06-09-2025
Daredevil: Born Again (2025),1864,06-09-2025
Thunderbolts* (2025),1866,06-09-2025
Thunderbolts* (2025),1867,06-09-2025
Thunderbolts* (2025),1868,06-09-2025
Thunderbolts* (2025),1869,06-09-2025
Thunderbolts* (2025),1870,06-09-2025
Thunderbolts* (2025),1871,06-09-2025
Thunderbolts* (2025),1872,06-09-2025
Wednesday S1 (2022),1875,08-09-2025
Wednesday S1 (2022),1876,08-09-2025
Wednesday S1 (2022),1877,08-09-2025
Wednesday S1 (2022),1878,08-09-2025
Wednesday S1 (2022),1879,08-09-2025
Wednesday S2 (2025),1881,08-09-2025
Wednesday S2 (2025),1882,08-09-2025
Wednesday S2 (2025),1883,08-09-2025
Wednesday S2 (2025),1884,08-09-2025
Param Sundari (2025) Threater Print,1886,08-09-2025
Param Sundari (2025) Threater Print,1887,08-09-2025
Param Sundari (2025) Threater Print,1888,08-09-2025
Param Sundari (2025) Threater Print,1889,08-09-2025
Param Sundari (2025) Threater Print,1890,08-09-2025
The Bengal Files (2025) Threater Print,1892,08-09-2025
The Bengal Files (2025) Threater Print,1893,08-09-2025
The Bengal Files (2025) Threater Print,1894,08-09-2025
Dil Madharaasi (2025) Threater Print,1896,08-09-2025
Dil Madharaasi (2025) Threater Print,1897,08-09-2025
Dil Madharaasi (2025) Threater Print,1898,08-09-2025
Detective Ujjwalan (2025),1900,08-09-2025
Detective Ujjwalan (2025),1901,08-09-2025
Detective Ujjwalan (2025),1902,08-09-2025
Detective Ujjwalan (2025),1903,08-09-2025
Detective Ujjwalan (2025),1904,08-09-2025
Bajirao Mastani (2015),1906,10-09-2025
Bajirao Mastani (2015),1907,10-09-2025
Bajirao Mastani (2015),1908,10-09-2025
Bajirao Mastani (2015),1909,10-09-2025
Bajirao Mastani (2015),1910,10-09-2025
Bajirao Mastani (2015),1911,10-09-2025
DSP (2022),1913,10-09-2025
DSP (2022),1914,10-09-2025
DSP (2022),1915,10-09-2025
DSP (2022),1916,10-09-2025
DSP (2022),1917,10-09-2025
DSP (2022),1918,10-09-2025
Metro In Dino (2025),1920,10-09-2025
Metro In Dino (2025),1921,10-09-2025
Metro In Dino (2025),1922,10-09-2025
Metro In Dino (2025),1923,10-09-2025  
The Nun: (2018),1926,10-09-2025  
The Nun: (2018),1927,10-09-2025
The Nun: (2018),1928,10-09-2025
The Nun: (2018),1929,10-09-2025
The Nun: (2018),1930,10-09-2025
The Nun: (2018),1931,10-09-2025
Annabelle: Creation: (2017),1933,10-09-2025 
Annabelle: Creation: (2017),1934,10-09-2025
Annabelle: Creation: (2017),1935,10-09-2025
Annabelle: Creation: (2017),1936,10-09-2025
Annabelle: Creation: (2017),1937,10-09-2025
Annabelle: Creation: (2017),1938,10-09-2025
The Nun II: (2023),1940,10-09-2025
The Nun II: (2023),1941,10-09-2025
The Nun II: (2023),1942,10-09-2025
The Nun II: (2023),1943,10-09-2025
The Nun II: (2023),1944,10-09-2025
The Nun II: (2023),1945,10-09-2025
Annabelle: (2014),1947,10-09-2025
Annabelle: (2014),1948,10-09-2025
Annabelle: (2014),1949,10-09-2025
Annabelle: (2014),1950,10-09-2025
The Conjuring: (2013),1952,10-09-2025
The Conjuring: (2013),1953,10-09-2025
The Conjuring: (2013),1954,10-09-2025
The Conjuring: (2013),1955,10-09-2025
The Conjuring: (2013),1956,10-09-2025
The Conjuring: (2013),1957,10-09-2025
The Curse of La Llorona: (2019),1959,10-09-2025
The Curse of La Llorona: (2019),1960,10-09-2025
The Curse of La Llorona: (2019),1961,10-09-2025
The Curse of La Llorona: (2019),1962,10-09-2025
The Curse of La Llorona: (2019),1963,10-09-2025
The Conjuring 2: (2016),1965,10-09-2025
The Conjuring 2: (2016),1966,10-09-2025
The Conjuring 2: (2016),1967,10-09-2025
The Conjuring 2: (2016),1968,10-09-2025
The Conjuring 2: (2016),1969,10-09-2025
The Conjuring 2: (2016),1970,10-09-2025
Annabelle Comes Home: (2019),1972,10-09-2025
Annabelle Comes Home: (2019),1973,10-09-2025
Annabelle Comes Home: (2019),1974,10-09-2025
Annabelle Comes Home: (2019),1975,10-09-2025
Annabelle Comes Home: (2019),1976,10-09-2025
Annabelle Comes Home: (2019),1977,10-09-2025
The Conjuring: The Devil Made Me Do It: (2021),1979,10-09-2025
The Conjuring: The Devil Made Me Do It: (2021),1980,10-09-2025
The Conjuring: The Devil Made Me Do It: (2021),1981,10-09-2025
The Conjuring: The Devil Made Me Do It: (2021),1982,10-09-2025
The Conjuring: The Devil Made Me Do It: (2021),1983,10-09-2025
The Conjuring: The Devil Made Me Do It: (2021),1984,10-09-2025
The Conjuring: Last Rites (2025) Threater Print,1986,10-09-2025
The Conjuring: Last Rites (2025) Threater Print,1987,10-09-2025
The Conjuring: Last Rites (2025) Threater Print,1988,10-09-2025
The Conjuring: Last Rites (2025) Threater Print,1989,10-09-2025
Saiyaara (2025),1991,12-09-2025
Saiyaara (2025),1992,12-09-2025
Saiyaara (2025),1993,12-09-2025
Saiyaara (2025),1994,12-09-2025
Saiyaara (2025),1995,12-09-2025
Saiyaara (2025),1996,12-09-2025
Saiyaara (2025),1997,12-09-2025
Saiyaara (2025),1998,12-09-2025
Saiyaara (2025),1999,12-09-2025
Saiyaara (2025),2000,12-09-2025
Saiyaara (2025),2001,12-09-2025
Saiyaara (2025),2002,12-09-2025
Saiyaara (2025),2003,12-09-2025
Ek Chatur Naar 2025,2005,13-09-2025
Ek Chatur Naar 2025,2006,13-09-2025
Ek Chatur Naar 2025,2007,13-09-2025
Demon Slayer Kimetsu No Yaiba Infinity Castle 2025,2008,13-09-2025
Demon Slayer Kimetsu No Yaiba Infinity Castle 2025,2009,13-09-2025
Demon Slayer Kimetsu No Yaiba Infinity Castle 2025,2010,13-09-2025
Demon Slayer Kimetsu No Yaiba Infinity Castle 2025,2011,13-09-2025
Demon Slayer Kimetsu No Yaiba Infinity Castle 2025,2012,13-09-2025
Love in Vietnam 2025,2013,13-09-2025
Love in Vietnam 2025,2014,13-09-2025
Love in Vietnam 2025,2015,13-09-2025
Love in Vietnam 2025,2016,13-09-2025
Love in Vietnam 2025,2017,13-09-2025
Lokah CH1: Chandra (2025),2018,15-09-2025
Lokah CH1: Chandra (2025),2019,15-09-2025
Lokah CH1: Chandra (2025),2020,15-09-2025
Lokah CH1: Chandra (2025),2021,15-09-2025
Superman (2025),2023,15-09-2025
Superman (2025),2024,15-09-2025
Superman (2025),2025,15-09-2025
Superman (2025),2026,15-09-2025
Superman (2025),2027,15-09-2025
Superman (2025),2028,15-09-2025
Superman (2025),2029,15-09-2025
Superman (2025),2030,15-09-2025
Superman (2025),2031,15-09-2025   
Game Changer 2025,2032,16-09-2025         
Game Changer 2025,2033,16-09-2025
Game Changer 2025,2034,16-09-2025
Game Changer 2025,2035,16-09-2025
Game Changer 2025,2036,16-09-2025
Game Changer 2025,2037,16-09-2025
Game Changer 2025,2038,16-09-2025
Game Changer 2025,2039,16-09-2025
Game Changer 2025,2040,16-09-2025
Game Changer 2025,2041,16-09-2025 
Thammudu (2025),2044,16-09-2025   
Thammudu (2025),2045,16-09-2025
Thammudu (2025),2046,16-09-2025
Thammudu (2025),2047,16-09-2025
Thammudu (2025),2048,16-09-2025  
Titanic (1997),2060,17-09-2025   
Titanic (1997),2061,17-09-2025
Titanic (1997),2062,17-09-2025
Titanic (1997),2063,17-09-2025
Titanic (1997),2064,17-09-2025
Titanic (1997),2065,17-09-2025
Titanic (1997),2066,17-09-2025
Titanic (1997),2067,17-09-2025
Fight Club (2023),2069,17-09-2025
Fight Club (2023),2070,17-09-2025
Fight Club (2023),2071,17-09-2025
Fight Club (2023),2072,17-09-2025
Fight Club (2023),2073,17-09-2025
Fight Club (2023),2074,17-09-2025
Fight Club (2023),2075,17-09-2025
Heer Express Threater Print (2025),2078,18-09-2025
Heer Express Threater Print (2025),2079,18-09-2025
Heer Express Threater Print (2025),2080,18-09-2025
Heer Express Threater Print (2025),2081,18-09-2025
Heer Express Threater Print (2025),2082,18-09-2025
Mahavatar Narsimha (2025),2084,19-09-2025    
Mahavatar Narsimha (2025),2085,19-09-2025
Mahavatar Narsimha (2025),2086,19-09-2025
Mahavatar Narsimha (2025),2087,19-09-2025
Mahavatar Narsimha (2025),2088,19-09-2025
Mahavatar Narsimha (2025),2089,19-09-2025
Top Gear (2022),2111,19-09-2025
Top Gear (2022),2112,19-09-2025
Top Gear (2022),2113,19-09-2025
Top Gear (2022),2114,19-09-2025
Top Gear (2022),2115,19-09-2025
Operation Valentine (2024),2118,20-09-2025
Operation Valentine (2024),2119,20-09-2025
Operation Valentine (2024),2120,20-09-2025
Operation Valentine (2024),2121,20-09-2025
Operation Valentine (2024),2122,20-09-2025
Ayalaan (2024),2124,21-09-2025
Ayalaan (2024),2125,21-09-2025
Ayalaan (2024),2126,21-09-2025
Ayalaan (2024),2127,21-09-2025
Ayalaan (2024),2128,21-09-2025
Ayalaan (2024),2129,21-09-2025
Rasavathi (2024) Tamil,2132,22-09-2025
Rasavathi (2024) Tamil,2133,22-09-2025
Rasavathi (2024) Tamil,2134,22-09-2025
Rasavathi (2024) Tamil,2135,22-09-2025
Naadi Dosh (2022),2137,22-09-2025
Naadi Dosh (2022),2138,22-09-2025
Naadi Dosh (2022),2139,22-09-2025
Naadi Dosh (2022),2140,22-09-2025
Naadi Dosh (2022),2141,22-09-2025
Naadi Dosh (2022),2142,22-09-2025
Tuck Jagadish (2021),2144,22-09-2025
Tuck Jagadish (2021),2145,22-09-2025
Tuck Jagadish (2021),2146,22-09-2025
Tuck Jagadish (2021),2147,22-09-2025
Ante Sundaraniki (2022),2149,22-09-2025
Ante Sundaraniki (2022),2150,22-09-2025
Ante Sundaraniki (2022),2151,22-09-2025
Ante Sundaraniki (2022),2152,22-09-2025
Jolly LLB (2013),2154,22-09-2025
Jolly LLB (2013),2155,22-09-2025
Jolly LLB (2013),2156,22-09-2025
Jolly LLB (2013),2157,22-09-2025
Jolly LLB 2 (2017),2159,22-09-2025
Jolly LLB 2 (2017),2160,22-09-2025
Jolly LLB 2 (2017),2161,22-09-2025
Jolly LLB 2 (2017),2162,22-09-2025
Jolly LLB 2 (2017),2163,22-09-2025
Jolly LLB 3 (2025) Threater Print,2165,22-09-2025
Jolly LLB 3 (2025) Threater Print,2166,22-09-2025
Jolly LLB 3 (2025) Threater Print,2167,22-09-2025
Jolly LLB 3 (2025) Threater Print,2168,22-09-2025
Jolly LLB 3 (2025) Threater Print,2169,22-09-2025
Once upon a time in Hollywood (2019),2171,23-09-2025
Once upon a time in Hollywood (2019),2172,23-09-2025
Once upon a time in Hollywood (2019),2173,23-09-2025
Once upon a time in Hollywood (2019),2174,23-09-2025
Once upon a time in Hollywood (2019),2175,23-09-2025
Once upon a time in Hollywood (2019),2176,23-09-2025
Once upon a time in Hollywood (2019),2177,23-09-2025
Once upon a time in Hollywood (2019),2178,23-09-2025
The Bads of Bollywood S01 (2025),2182,24-09-2025    
The Bads of Bollywood S01 (2025),2183,24-09-2025
The Bads of Bollywood S01 (2025),2184,24-09-2025
The Bads of Bollywood S01 (2025),2185,24-09-2025
They Call Him OG (2025),2187,25-09-2025
They Call Him OG (2025),2188,25-09-2025
They Call Him OG (2025),2189,25-09-2025
They Call Him OG (2025),2190,25-09-2025
They Call Him OG (2025),2191,25-09-2025
Alice in Borderland (2020) S01,2193,27-09-2025
Alice in Borderland (2020) S01,2194,27-09-2025
Alice in Borderland (2022) S02,2196,27-09-2025
Alice in Borderland (2022) S02,2197,27-09-2025
Alice in Borderland (2022) S02,2198,27-09-2025
Alice in Borderland (2025) S03,2200,27-09-2025
Alice in Borderland (2025) S03,2201,27-09-2025
Alice in Borderland (2025) S03,2202,27-09-2025
Alice in Borderland (2025) S03,2203,27-09-2025
Alice in Borderland (2025) S03,2204,27-09-2025
Jalwa (2025),2206,27-09-2025
Jalwa (2025),2207,27-09-2025
Jalwa (2025),2208,27-09-2025
Jalwa (2025),2209,27-09-2025
Ajey: The Untold Story of a Yogi (2025),2214,29-09-2025
Ajey: The Untold Story of a Yogi (2025),2215,29-09-2025
Ajey: The Untold Story of a Yogi (2025),2216,29-09-2025
Ajey: The Untold Story of a Yogi (2025),2217,29-09-2025
Ajey: The Untold Story of a Yogi (2025),2218,29-09-2025
Ajey: The Untold Story of a Yogi (2025),2219,29-09-2025
SAAS BAHU KI PATHSALA (2025),2221,29-09-2025
SAAS BAHU KI PATHSALA (2025),2222,29-09-2025
Janaawar The Beast Within (2025) S01,2224,30-09-2025
Janaawar The Beast Within (2025) S01,2225,30-09-2025
Janaawar The Beast Within (2025) S01,2226,30-09-2025
Janaawar The Beast Within (2025) S01,2227,30-09-2025
Janaawar The Beast Within (2025) S01,2228,30-09-2025
Madharaasi (2025),2231,01-10-2025
Madharaasi (2025),2232,01-10-2025
Madharaasi (2025),2233,01-10-2025
Madharaasi (2025),2234,01-10-2025
Madharaasi (2025),2235,01-10-2025
Madharaasi (2025),2236,01-10-2025
Margin Call (2011),2239,02-10-2025
Margin Call (2011),2240,02-10-2025
Margin Call (2011),2241,02-10-2025
Kantara: Chapter 1 (2025),2243,02-10-2025
Kantara: Chapter 1 (2025),2244,02-10-2025
Kantara: Chapter 1 (2025),2245,02-10-2025
Kantara: Chapter 1 (2025),2246,02-10-2025
Sunny Sanskari Ki Tulsi Kumari (2025),2249,02-10-2025
Sunny Sanskari Ki Tulsi Kumari (2025),2250,02-10-2025
Sunny Sanskari Ki Tulsi Kumari (2025),2251,02-10-2025
Sunny Sanskari Ki Tulsi Kumari (2025),2252,02-10-2025









